key,en,
TJ_INT_1,"Hm. Is there really no tailor in Gensokyo that could make my daughter a suit?",
TJ_INT_2,"Seems to be for some important event too... She was lamenting about it being torn.",
TJ_INT_3,"Hecatia's wardrobe isn't exactly helping either.",
TJ_INT_4,"Well then, there is one person left that I could ask...",
TJ_EIR_1,"My? What business do you seek here?",
TJ_EIR_2,"Do you not hate us Lunarians? I heard of the stories.",
TJ_EIR_3,"That is for later. I just need something from you.",
TJ_EIR_4,"""Help me, Eirin,"" you say? I get asked for help a lot, you know.",
TJ_EIR_5,"What are you in need of? All my medicine are tailor-made, for your information.",
TJ_EIR_6,"I'm a spirit. Do you think I look sick?",
TJ_EIR_7,"In the head, sure.",
TJ_EIR_8,"Okay, now.",
TJ_EIRP_1,"Look, all I wanted to know is if you know any place to tailor a suit.",
TJ_EIRP_2,"Eh? For whom?",
TJ_EIRP_3,"For Reisen.",
TJ_EIRP_4,"Ah, so you are the one who she has been staying with recently",
TJ_EIRP_5,"Surprising, coming from you.",
TJ_EIRP_6,"Yet my care for her are more tailored to her than you ever did.",
TJ_EIRP_7,"Wow, okay.",
TJ_EIRP_8,"Well, anyways, the suit is made in the Lunar Capital. Gensokyo does not really have this type of fashion.",
TJ_EIRP_9,"I was afraid that it had to come to that. Oh well.",
TJ_GEN_1,"That's the person I was talking about.",
TJ_GEN_2,"Eh? Visitors? What are you doing here~?",
TJ_GEN_3,"What are *you* doing here? Is this not Doremy's place?",
TJ_GEN_4,"She went on vacation.",
TJ_GEN_5,"Look, I just need to get to the Lunar Capital.",
TJ_GEN_6,"(Also, is this not her place?)",
TJ_GEN_7,"Since you come to our place, you must play with us first~",
TJ_GEN_8,"Yea- wait what.",
TJ_GEN_9,"That's a whole vengeful spirit that is NOT a human we're dealing with.",
TJ_GEN_10,"Whatever, lets just get this over with.",
TJ_GENP_1,"Wahh... what was that for? I just said playing not actual fighting...",
TJ_GENP_2,"That danmaku is made for killing a person!",
TJ_GENP_3,"Yes, that is what I call it.",
TJ_GENP_4,"Now will you let me pass? I need to get a tailor as soon as possible.",
TJ_GENP_5,"A tailor...? Do you need something tailor-made?",
TJ_GENP_6,"Dreams are tailor-made to each person's mind too, you know.",
TJ_GENP_7,"I am a tailored maid if that counts",
TJ_GENP_8,"Good grief, I am leaving.",
TJ_TOY_1,"Huh? What are you doing here alone?",
TJ_TOY_2,"Are you back for more? Are you not tired of this?",
TJ_TOY_3,"Oh, you.",
TJ_TOY_4,"We leave our grudges aside for now. I have something to ask of you.",
TJ_TOY_5,"I need a tailor from the Lunar Capital.",
TJ_TOY_6,"Huhhhhh. Sure.",
TJ_TOY_7,"I am genuine.",
TJ_TOY_8,"You telling me, someone who attacked for- how many times? Is just here asking me to get a tailor.",
TJ_TOY_9,"Let's just cut to the chase. Hecatia is with you right?",
TJ_TOY_10,"She's busy in hell running a... fashion shop.",
TJ_TOY_11,"Riiiight. Sure.",
TJ_TOY_12,"I'm giving you a chance to leave. I am enjoying a vacation right now, you know.",
TJ_TOY_13,"I sometimes sneak out just to take my mind off the bureaucracy. My sister doesn't really like that.",
TJ_TOY_14,"You mean that vacation of imprisoning a half-god to run that ""Ay Ai"" whatever she called it?.",
TJ_TOY_15,"Look, I'm just doing whatever is necessary, okay?",
TJ_TOY_16,"Let's just get this over with.",
TJ_TOYP_1,"Your attacks are much more defensive. What's up with that?",
TJ_TOYP_2,"Are you feeling guilty?",
TJ_TOYP_3,"Guilty? Don't be silly.",
TJ_TOYP_4,"Actions don't lie. You got something in your mind.",
TJ_TOYP_5,"It's probably related to the recent incident isn't it.",
TJ_TOYP_6,"What do you even know about it? You're not there.",
TJ_TOYP_7,"Are you here for technology this entire time? A technology that can be tailored to the preference of any user?",
TJ_TOYP_8,"No, a suit tailor. For Reisen. It's getting a bit of wear and tear.",
TJ_TOYP_9,"Oh, her. I used to-",
TJ_TOYP_10,"I know. I know. You are a terrible owner.",
TJ_TOYP_11,"See here, you are here staring at Earth longingly every night.",
TJ_TOYP_12,"Do you feel that, sometimes, maybe that Gensokyo just had something that you miss?",
TJ_TOYP_13,"That impure place? You think I want anything to do with that?",
TJ_TOYP_14,"Do you not ever feel bored? To live on a clean slate for thousands of years?",
TJ_TOYP_15,"You leave the capital every so often. You now even styled a mobcap; not exactly common there. I can feel that you are soul searching.",
TJ_TOYP_16,"...",
TJ_TOYP_17,"You know, the residents of Gensokyo may seem like a patchwork of different species and beliefs, but they're all cut from the same cloth",
TJ_TOYP_18,"It's the variety that makes the spice of life. Despite the difference, they live in harmony with their own little tailored space. Isn't that more colorful?",
TJ_TOYP_19,"What's up with this random lecture? You never ran a city, your opinion is useless to me.",
TJ_TOYP_20,"Look, I'll get a tailor to sew up a new blazer. I already got Reisen's measurement. Please, just leave.",
TJ_TOYP_21,"Whatever, not my problem anyways. Just get the suit ready soon.",
TJ_TOYP_22,"(I guess this is it. Was not expecting to be lecturing a lunarian of all people.)",
TJ_TOYP_23,"(God, the way that shrine maiden speaks is rubbing off on me.)",
TJ_ENDING_1,"3 days later...",
TJ_ENDING_2,"Eirin: Junko, there is a package labeled for you. It's from Toyohime.\nIt had to pass through a couple of people, because they can't exactly just come here.\nJunko: Right, I forgot to consider the logistics of that. At least it's here in time.",
TJ_ENDING_3,"Eirin: What did you say for her to even agree to this?\nJunko: She did it under her own volition.\nEirin: Okayyyy... Sure?",
TJ_ENDING_4,"Back at home somewhere...",
TJ_ENDING_5,"Reisen: You got this suit just for me? Is the suit not from the Lunar Capital?\nHow did you even get your hand on this?",
TJ_ENDING_6,"Junko: Let's just say... I did some negotiations.\nIt seemed important to you, so I thought I should do something about it.",
TJ_ENDING_7,"Reisen: ...Thank you...\nI'll cherish this forever, you're the best!!!",
TJ_ENDING_8,"...",
TJ_ENDING_9,"Perhaps... a mother's love is what is truly tailor made.",